{"cameraMode":{"drawMode":0,"name":"Shaded","section":"Shading Mode"},"sceneLighting":false,"audioPlay":false,"sceneViewState":{"m_AlwaysRefresh":false,"showFog":true,"showSkybox":false,"showFlares":true,"showImageEffects":true,"showParticleSystems":true,"showVisualEffectGraphs":true,"m_FxEnabled":true},"in2DMode":false,"pivot":{"x":-1.4901161193847657e-7,"y":0.5321241021156311,"z":-0.02647899091243744},"rotation":{"x":-0.16588108241558076,"y":0.7260565161705017,"z":-0.18810153007507325,"w":-0.6402812004089356},"size":0.6727343201637268,"orthographic":false}