{"cameraMode":{"drawMode":0,"name":"Shaded","section":"Shading Mode"},"sceneLighting":true,"audioPlay":false,"sceneViewState":{"m_AlwaysRefresh":false,"showFog":true,"showSkybox":true,"showFlares":true,"showImageEffects":true,"showParticleSystems":true,"showVisualEffectGraphs":true,"m_FxEnabled":true},"in2DMode":false,"pivot":{"x":-0.3000001907348633,"y":2.640000343322754,"z":-2.1499998569488527},"rotation":{"x":0.029829470440745355,"y":0.9549652338027954,"z":-0.2766735255718231,"w":0.10295768827199936},"size":12.12435531616211,"orthographic":false}