{"cameraMode":{"drawMode":0,"name":"Shaded","section":"Shading Mode"},"sceneLighting":false,"audioPlay":false,"sceneViewState":{"m_AlwaysRefresh":false,"showFog":true,"showSkybox":false,"showFlares":true,"showImageEffects":true,"showParticleSystems":true,"showVisualEffectGraphs":true,"m_FxEnabled":true},"in2DMode":false,"pivot":{"x":-0.21542924642562867,"y":0.005996713414788246,"z":-0.0630742758512497},"rotation":{"x":0.13824622333049775,"y":-0.10614965856075287,"z":0.014904387295246125,"w":0.9845754504203796},"size":0.20206651091575623,"orthographic":true}