{"cameraMode":{"drawMode":0,"name":"Shaded","section":"Shading Mode"},"sceneLighting":false,"audioPlay":false,"sceneViewState":{"m_AlwaysRefresh":false,"showFog":true,"showSkybox":false,"showFlares":true,"showImageEffects":true,"showParticleSystems":true,"showVisualEffectGraphs":true,"m_FxEnabled":true},"in2DMode":false,"pivot":{"x":0.020000014454126359,"y":0.6706384420394898,"z":-1.7498257160186768},"rotation":{"x":-0.05304976925253868,"y":0.8577088713645935,"z":-0.09039109945297241,"w":-0.503355860710144},"size":0.25496020913124087,"orthographic":false}