{"cameraMode":{"drawMode":0,"name":"Shaded","section":"Shading Mode"},"sceneLighting":false,"audioPlay":false,"sceneViewState":{"m_AlwaysRefresh":false,"showFog":true,"showSkybox":false,"showFlares":true,"showImageEffects":true,"showParticleSystems":true,"showVisualEffectGraphs":true,"m_FxEnabled":true},"in2DMode":false,"pivot":{"x":0.017283812165260316,"y":0.5183672904968262,"z":0.008678525686264038},"rotation":{"x":0.39714065194129946,"y":-0.044025931507349017,"z":0.019077416509389879,"w":0.9165024757385254},"size":0.572472870349884,"orthographic":false}